probe_id,role,pixel_x,pixel_y,pct_x,pct_y,map_x,map_y,reader_status
01,grid,200,239,15.62,33.19,35,91,read
02,grid,600,239,46.88,33.19,49,91,read
03,grid,1000,239,78.12,33.19,63,91,read
04,grid,200,419,15.62,58.19,38,82,read
05,grid,600,419,46.88,58.19,49,82,read
06,grid,1000,419,78.12,58.19,61,82,read
07,grid,200,579,15.62,80.42,61,82,read
08,grid,600,579,46.88,80.42,61,82,read
09,grid,1000,579,78.12,80.42,59,77,read
10,held_out,400,329,31.25,45.69,43,86,read
11,held_out,780,509,60.94,70.69,43,86,read
12,held_out,450,250,35.16,34.72,44,90,read
